{"accuracy": 0.7027027027027027, "f1_score": 0.7924528301886793, "roc_auc": 0.6350931677018634}